id,first_name,last_name,department,age,salary
1,Evanne,Dwire,Services,38,91000
2,Tiphany,Sinnatt,Training,48,45000
3,Celestine,Manhood,Sales,52,87000
4,Geno,Reskelly,Engineering,25,38000
5,Paco,Stirgess,Human Resources,62,65000
6,Corey,Pally,Training,34,35000
7,Robinette,Classen,Business Development,52,89000
8,Dallas,Pauly,Engineering,42,57000
9,Renard,Badrock,Services,32,36000
10,Brennen,Smurfit,Business Development,40,77000
11,Jamal,Ranby,Product Management,62,37000
12,Robbie,Barti,Legal,24,63000
13,Trix,Kluger,Research and Development,40,65000
14,Amelina,Siggery,Research and Development,44,47000
15,Orland,Gilliland,Support,45,48000
16,Enriqueta,Malsher,Business Development,37,32000
17,Ignazio,Martinyuk,Legal,60,93000
18,Decca,Zanettini,Services,55,31000
19,Grethel,Roulston,Training,56,59000
20,Morey,Russe,Sales,55,78000
21,Nico,Thulborn,Accounting,24,88000
22,Bennie,Arundel,Product Management,63,69000
23,Porty,Crathern,Accounting,55,92000
24,Haywood,Extall,Research and Development,57,96000
25,Oliy,Ingree,Marketing,34,39000
26,Lane,Brooksbie,Human Resources,32,68000
27,Mindy,Casely,Marketing,54,52000
28,Celie,Hunsworth,Accounting,56,97000
29,Coralyn,McChruiter,Marketing,58,61000
30,Brigid,Lamb-shine,Research and Development,22,71000
31,Kirby,Shakesby,Human Resources,47,32000
32,Maye,Densell,Research and Development,55,72000
33,Chrotoem,Meron,Product Management,64,37000
34,Gale,Trevethan,Accounting,30,66000
35,Gus,Staite,Services,48,55000
36,Vitoria,Fery,Training,59,83000
37,Sabine,Tale,Marketing,53,94000
38,Toiboid,McCardle,Human Resources,22,95000
39,Thom,Elphee,Business Development,54,94000
40,Myca,Nutkins,Accounting,51,42000
41,Maryl,Gregorio,Sales,63,55000
42,Angelina,Hedylstone,Marketing,65,64000
43,Georgie,Muttock,Research and Development,33,73000
44,Wilmer,Jones,Research and Development,46,46000
45,Laney,Kunkel,Training,47,88000
46,Kalinda,Trevers,Accounting,43,99000
47,Gifford,Cowling,Marketing,25,83000
48,Lorette,Yurenin,Accounting,26,32000
49,Karlene,Caple,Marketing,56,98000
50,Aubrey,Pasticznyk,Support,54,76000
51,Collin,Jatczak,Legal,44,31000
52,Auria,Minocchi,Accounting,54,33000
53,Enrique,Curtoys,Marketing,55,87000
54,Gauthier,Waterfield,Legal,41,61000
55,Petrina,Pitcaithly,Research and Development,36,80000
56,Lita,Arden,Training,51,56000
57,Ash,Mitchely,Product Management,41,56000
58,Rhona,Niccols,Services,24,31000
59,Donnie,Petre,Marketing,33,43000
60,Eryn,Jarred,Research and Development,22,43000
61,Hallie,McHale,Training,49,89000
62,Cacilie,Allcoat,Accounting,36,72000
63,Danika,Hackey,Legal,27,67000
64,Tommie,Foskett,Business Development,26,74000
65,Rosabella,Duchesne,Sales,22,51000
66,Lanie,Wards,Legal,35,76000
67,Drona,Gurko,Business Development,36,39000
68,Janot,Murford,Business Development,50,64000
69,Alisa,Tomas,Training,49,37000
70,Joelly,Quibell,Training,41,50000
71,Hervey,Comins,Sales,56,51000
72,Mano,Humble,Human Resources,36,85000
73,Shelby,Horlock,Product Management,51,63000
74,Booth,Cremin,Research and Development,35,95000
75,Polly,Jauncey,Product Management,50,54000
76,Gretal,Cancott,Marketing,26,62000
77,Emelda,Jannasch,Business Development,34,93000
78,Bone,Cluckie,Support,60,93000
79,Neile,Haker,Support,44,38000
80,Andy,Lowbridge,Support,52,49000
81,Clementina,Frudd,Product Management,48,40000
82,Roley,Paulillo,Support,29,99000
83,Laurette,Casotti,Product Management,63,60000
84,Lora,Skokoe,Support,53,98000
85,Koralle,Mulvey,Business Development,23,79000
86,Adaline,Candelin,Sales,25,98000
87,Lucio,Fice,Engineering,36,81000
88,Rustin,Haccleton,Services,56,62000
89,Cull,Gilfoyle,Research and Development,22,41000
90,Marjory,Jozef,Services,46,53000
91,Wayne,Willimont,Product Management,58,92000
92,Pernell,Berkeley,Sales,29,54000
93,Buffy,Braham,Marketing,45,94000
94,Laverna,Cory,Research and Development,32,98000
95,Cordelia,Fishburn,Training,58,79000
96,Drake,Leale,Business Development,47,98000
97,Theo,Gelder,Services,48,97000
98,Gleda,Pleuman,Product Management,46,89000
99,Conrade,Chavez,Research and Development,23,50000
100,Abdel,Harfleet,Sales,65,97000
101,Oneida,Jerschke,Engineering,63,90000
102,Myer,Morcombe,Support,33,51000
103,Willa,Galvan,Human Resources,28,76000
104,Kenna,Ford,Research and Development,46,92000
105,Brenn,Burthom,Engineering,38,98000
106,Myca,Cayzer,Legal,52,59000
107,Mikael,Zamboniari,Research and Development,41,61000
108,Mayne,Casel,Training,39,69000
109,Gery,Ableson,Engineering,53,39000
110,Kerwin,Biddulph,Engineering,61,69000
111,Amalle,Killough,Accounting,55,83000
112,Max,Karlicek,Accounting,34,72000
113,Fletcher,Towler,Business Development,62,95000
114,Lelia,Haglinton,Marketing,57,97000
115,Karena,Elfitt,Support,33,35000
116,Luce,Howlin,Marketing,33,53000
117,Nappie,Blastock,Training,40,66000
118,Ginny,Matterface,Sales,61,38000
119,Francine,Losseljong,Accounting,64,47000
120,Wilhelmina,Sexton,Support,47,54000
121,Mahala,Murrells,Product Management,44,85000
122,Alford,Brimblecombe,Business Development,44,32000
123,Jess,Duckham,Legal,54,51000
124,Jerrilee,Arnaut,Training,45,77000
125,Frances,Wharram,Engineering,31,56000
126,Jacquelin,Formoy,Engineering,52,56000
127,Timotheus,Severns,Research and Development,52,78000
128,Kara-lynn,Robberecht,Marketing,43,94000
129,Brice,Cirlos,Product Management,22,35000
130,Wren,Van Arsdale,Business Development,59,40000
131,Doll,Buckhurst,Marketing,50,91000
132,Heidi,Sedger,Sales,39,61000
133,Frederico,Grandin,Sales,44,87000
134,Erina,Castano,Business Development,26,31000
135,Letisha,Grinley,Product Management,41,57000
136,Cammy,Maudson,Support,42,95000
137,Nolly,Philipps,Support,50,84000
138,Jerrilee,Bearward,Research and Development,23,49000
139,Karney,Tiesman,Business Development,62,68000
140,Tracey,Pietzner,Support,52,79000
141,Elvyn,Widmoor,Marketing,40,91000
142,Nichole,Shelp,Product Management,42,67000
143,Bondie,Puddephatt,Legal,45,47000
144,Parry,Friese,Accounting,24,86000
145,Saudra,Bubbear,Product Management,48,98000
146,Sharla,Pinsent,Legal,25,95000
147,Willie,Perrot,Marketing,63,91000
148,Lory,Gilhouley,Research and Development,26,91000
149,Barclay,Butterfield,Marketing,26,70000
150,Shelbi,Waddoups,Business Development,45,41000
151,Keriann,Leindecker,Services,59,53000
152,Weston,Ogg,Marketing,58,30000
153,Elvira,Fife,Services,62,60000
154,Cyndie,Creenan,Research and Development,32,36000
155,Ethelyn,Vasyunin,Human Resources,46,75000
156,Haleigh,Daymont,Support,40,96000
157,Carmen,Midden,Services,30,91000
158,Nicholas,Rayburn,Accounting,22,53000
159,Jayson,Crepel,Legal,42,89000
160,Gwynne,Dreghorn,Product Management,59,44000
161,Lorrie,Tow,Marketing,39,99000
162,Lauren,Steen,Services,36,73000
163,Burgess,Barsham,Sales,56,63000
164,Ennis,Neillans,Research and Development,27,74000
165,Matelda,Ducker,Services,52,73000
166,Aimee,Attride,Training,50,60000
167,Franklin,Grenter,Research and Development,30,33000
168,Leodora,Pankettman,Product Management,47,33000
169,Karen,Kalvin,Business Development,52,92000
170,Blinni,Genny,Support,55,98000
171,Dom,Ramsby,Services,35,77000
172,Kendrick,Morison,Engineering,59,42000
173,Templeton,Buttle,Marketing,47,50000
174,Candace,Climpson,Product Management,62,99000
175,Edin,Hume,Product Management,41,56000
176,Piggy,Haglinton,Training,46,92000
177,Rockie,Menco,Legal,49,61000
178,Chip,McGreary,Legal,49,98000
179,Micky,Aberchirder,Services,24,37000
180,Merrielle,Piborn,Sales,30,79000
181,Min,Dibley,Sales,32,76000
182,Beniamino,Dymott,Support,28,62000
183,Eben,O'Crowley,Legal,48,31000
184,Alberik,Swenson,Research and Development,47,37000
185,Fidelio,Cockerell,Training,34,45000
186,Bliss,Harden,Research and Development,58,85000
187,Julina,Farrand,Training,38,71000
188,Jacqui,Sidwick,Business Development,49,38000
189,Chrissie,Roslen,Marketing,43,92000
190,Fernando,Cosgreave,Legal,60,69000
191,Jessie,Alves,Product Management,44,67000
192,Stormie,Skett,Accounting,26,82000
193,Harlan,Ofen,Research and Development,60,51000
194,Jewelle,Cockitt,Product Management,49,75000
195,Frederica,Crinage,Research and Development,44,89000
196,Mufinella,Nornasell,Support,38,96000
197,Katey,Mullett,Product Management,56,63000
198,Maure,Wards,Training,61,71000
199,Serene,Ivoshin,Marketing,25,50000
200,Ros,Witherington,Product Management,37,73000
201,Jerrilyn,Mocher,Engineering,30,65000
202,Windham,McCray,Research and Development,27,71000
203,Costanza,Kidston,Sales,43,53000
204,Kristi,Milne,Business Development,25,51000
205,Hortense,Killoran,Services,24,67000
206,Mei,Gorler,Product Management,53,57000
207,Jens,Banbridge,Engineering,60,82000
208,Rourke,Rodolfi,Marketing,28,57000
209,Shelli,Jouandet,Support,38,60000
210,Engelbert,Renachowski,Research and Development,22,61000
211,Fina,Nuccitelli,Product Management,35,91000
212,Jasmina,Wickie,Research and Development,58,40000
213,Neysa,Antonchik,Legal,27,48000
214,Gabbi,Mewe,Sales,56,30000
215,Amalee,Heild,Services,44,97000
216,Francklyn,Le Marchant,Training,54,89000
217,Benny,Woolis,Support,47,65000
218,Jaquelin,Petrovsky,Human Resources,44,62000
219,Abeu,Bess,Support,33,49000
220,Jourdain,Swaile,Research and Development,62,33000
221,Cross,Fullerlove,Research and Development,53,42000
222,Kinnie,Blondelle,Marketing,37,37000
223,Vivyan,Lamping,Support,46,30000
224,Elysia,Adolphine,Marketing,53,91000
225,Kin,Skep,Engineering,27,48000
226,Chryste,Dobbison,Training,51,39000
227,Niels,Rose,Training,37,82000
228,Claude,Joule,Engineering,26,83000
229,Westbrook,Mersey,Sales,33,90000
230,Hollis,Underdown,Engineering,31,69000
231,Siegfried,Lorden,Sales,51,73000
232,Hi,Gauntley,Product Management,57,64000
233,Virginia,Marjoram,Business Development,24,31000
234,Alia,Simmon,Sales,59,82000
235,Beatrisa,Dyde,Services,51,56000
236,Hasheem,Fonzo,Engineering,63,74000
237,Eric,McBride,Legal,22,90000
238,Lamont,Domenge,Legal,51,82000
239,Timi,Tildesley,Product Management,26,62000
240,Idette,Faussett,Sales,46,48000
241,Nat,Michin,Sales,63,95000
242,Yetty,Oriel,Marketing,27,33000
243,Steffie,Thomkins,Business Development,65,92000
244,Roland,Craise,Business Development,23,65000
245,Alfons,Sage,Services,56,37000
246,Malva,Slaymaker,Product Management,39,64000
247,Sarette,Frostick,Engineering,22,43000
248,Padget,Chesterton,Business Development,41,78000
249,Torrey,Lewsey,Business Development,40,44000
250,Muire,Pappin,Human Resources,41,63000
251,Arte,Carmichael,Accounting,22,60000
252,Bond,Counihan,Sales,65,40000
253,Leanna,Aujouanet,Marketing,43,51000
254,Charleen,Gentile,Services,54,65000
255,Anna-maria,Blaszczak,Human Resources,58,39000
256,Averil,Rutley,Product Management,59,39000
257,Bethanne,Thomann,Product Management,33,30000
258,Clive,Tomet,Training,24,69000
259,Nance,Davenell,Product Management,26,71000
260,Jo ann,Kelling,Human Resources,31,82000
261,Salvatore,Chiverton,Sales,60,59000
262,Ryon,Gaiger,Product Management,27,39000
263,Gawen,Winward,Product Management,23,72000
264,Rainer,Eustace,Marketing,29,32000
265,Ronna,Muat,Services,38,66000
266,Kirbie,Leedal,Sales,40,48000
267,Corby,Sarver,Training,32,33000
268,Ludovika,Cowpland,Engineering,63,32000
269,Law,Burbudge,Product Management,56,86000
270,Durand,Vakhlov,Services,26,51000
271,Hamnet,Faro,Human Resources,41,70000
272,Kissiah,Spradbery,Accounting,64,57000
273,Raimund,Lanyon,Research and Development,31,77000
274,Dmitri,Quigg,Engineering,47,65000
275,Cordy,Seacroft,Engineering,36,68000
276,Eamon,Crome,Support,39,79000
277,Sianna,Bento,Accounting,28,71000
278,Joell,Studdert,Services,47,89000
279,Jeremie,Caplen,Product Management,60,68000
280,Garret,Ivanenko,Business Development,61,87000
281,Arron,Coils,Services,34,70000
282,Forster,Essam,Services,45,66000
283,Dominique,Inder,Sales,27,81000
284,Tim,Attride,Training,35,42000
285,Jeana,Hanhart,Research and Development,31,94000
286,Ingar,Lyste,Sales,50,96000
287,Celestine,Brumwell,Services,30,90000
288,Aleen,Barthelet,Support,48,78000
289,Alessandra,Huetson,Services,38,43000
290,Binnie,Eastope,Legal,29,85000
291,Prisca,Buzin,Legal,55,90000
292,Silvain,Nursey,Engineering,43,52000
293,Casie,Satterley,Training,43,83000
294,Stephan,Burriss,Business Development,36,84000
295,Cynthy,Rubinov,Human Resources,35,39000
296,Mallissa,Stoneman,Research and Development,23,81000
297,Rosetta,Jacobi,Services,31,39000
298,Torie,Wilkinson,Marketing,39,86000
299,Lory,Bavister,Accounting,25,60000
300,Binni,Hentzer,Sales,33,67000
301,Ursuline,Bollin,Legal,59,84000
302,Bay,Camidge,Product Management,26,93000
303,Caralie,Regelous,Sales,60,79000
304,Griswold,Gilvary,Human Resources,25,93000
305,Kean,Olding,Marketing,54,53000
306,Dolley,Harnetty,Human Resources,52,48000
307,Maggy,Hayler,Sales,64,37000
308,Pris,Brok,Accounting,41,72000
309,Annaliese,Burhill,Legal,59,93000
310,Lisabeth,Couvert,Services,58,64000
311,Erin,Weild,Business Development,50,85000
312,Mimi,Witchard,Legal,52,93000
313,Emerson,Goricke,Marketing,57,84000
314,Hyacinth,Bellon,Accounting,45,37000
315,Clerissa,Moffett,Support,26,58000
316,Cornall,Idell,Business Development,23,67000
317,Tammie,Wilmot,Research and Development,40,52000
318,Lorna,Jellett,Support,60,92000
319,Riordan,Sidebotham,Business Development,47,30000
320,Ewell,Lethardy,Legal,30,93000
321,Mychal,Corkett,Training,23,65000
322,Tedda,Hurlston,Accounting,54,49000
323,Hayes,Dewerson,Marketing,34,63000
324,Cacilia,Pitceathly,Human Resources,34,54000
325,Herbie,MacHoste,Legal,34,74000
326,Benyamin,Ferrarese,Sales,62,87000
327,Vance,Burbudge,Human Resources,44,68000
328,Broderic,Deboo,Business Development,55,74000
329,Gusella,Blueman,Accounting,27,51000
330,Dulce,Barnhill,Business Development,48,30000
331,Laurie,Gostridge,Engineering,38,80000
332,Erina,Garvan,Human Resources,43,59000
333,Gillan,Nulty,Business Development,38,50000
334,Royce,Ranyelld,Engineering,56,38000
335,Ode,Gowthorpe,Human Resources,48,38000
336,Symon,MacKnight,Research and Development,64,40000
337,Edy,Andrick,Product Management,29,70000
338,Kelvin,Wheater,Services,23,93000
339,Auberta,Blain,Training,65,69000
340,Lilllie,Yakuntsov,Engineering,50,37000
341,Susannah,Peto,Marketing,26,93000
342,Wendye,Walch,Services,22,92000
343,Vicky,Askaw,Research and Development,49,79000
344,Baillie,Greenstock,Business Development,65,63000
345,Bab,Klimp,Research and Development,36,95000
346,Caron,Kurten,Marketing,37,78000
347,Filberto,Fair,Sales,22,75000
348,Skyler,Mowsdill,Human Resources,32,47000
349,Ashlen,Trinkwon,Services,28,50000
350,Ingeberg,Hoonahan,Legal,50,56000
351,Loralyn,Jiggle,Legal,52,48000
352,Ardyce,Kebbell,Business Development,38,54000
353,Ewen,Feighney,Business Development,22,31000
354,Tammi,Wloch,Sales,29,62000
355,Bentley,Christoffe,Human Resources,56,51000
356,Dulcine,Cargill,Human Resources,28,80000
357,Isadore,Labell,Product Management,31,51000
358,Estelle,Redhole,Sales,33,99000
359,Rodolphe,Velde,Legal,57,81000
360,Terri,Ockendon,Accounting,40,58000
361,Giselbert,Ivanilov,Support,32,65000
362,Karlan,Tremeer,Engineering,43,71000
363,Anjela,Christofor,Services,63,65000
364,Jamal,Earley,Marketing,34,81000
365,Gino,Fairall,Services,27,61000
366,Chaim,Reedyhough,Training,25,66000
367,Isidoro,Culpan,Legal,54,75000
368,Minnaminnie,Songer,Human Resources,37,56000
369,Rutter,Giabuzzi,Business Development,61,99000
370,Marylynne,Cadlock,Human Resources,52,33000
371,Derrick,Yegorovnin,Business Development,32,98000
372,Donalt,Yakobowitch,Product Management,51,40000
373,Mariam,Weins,Support,22,66000
374,Harley,Giffin,Research and Development,65,66000
375,Corissa,Oiller,Engineering,39,64000
376,Corri,Ziehms,Services,56,58000
377,Monty,Mellodey,Marketing,48,71000
378,Gert,McCobb,Business Development,55,45000
379,Clayson,Awcock,Engineering,40,46000
380,Garfield,Vowles,Engineering,55,58000
381,Celestyn,Denisovich,Accounting,50,94000
382,Odele,Joye,Engineering,27,65000
383,Wolfie,Tomkiss,Support,53,89000
384,Wolfgang,Knutton,Accounting,48,49000
385,Abdul,De Carolis,Marketing,61,97000
386,Micaela,Bigrigg,Business Development,48,78000
387,Zonda,Corness,Marketing,44,65000
388,Jessie,Athy,Research and Development,59,71000
389,Thorpe,Jerosch,Training,60,45000
390,Bellina,Stranks,Legal,58,84000
391,Noreen,Leydon,Human Resources,45,76000
392,Tarra,Isham,Business Development,46,78000
393,Sibby,Waldrum,Business Development,50,86000
394,Loren,MacVanamy,Support,54,53000
395,Annabell,Gard,Support,35,71000
396,Lyman,Fibbitts,Business Development,49,76000
397,Trueman,Zorer,Accounting,29,45000
398,Elenore,Romushkin,Product Management,39,91000
399,Robyn,Gawthrop,Accounting,43,70000
400,Mathian,Nissle,Services,63,33000
401,Clemmie,Durrett,Legal,47,55000
402,Dalton,Ditchett,Services,55,82000
403,Pace,Scholig,Research and Development,51,57000
404,Nero,Murcott,Training,29,91000
405,Jedd,Thackwray,Business Development,54,59000
406,Fifi,Dilston,Marketing,45,75000
407,Andi,Mosby,Product Management,31,47000
408,Karoline,Aggiss,Accounting,33,93000
409,Enrico,Exton,Business Development,48,50000
410,Ramon,Branno,Training,31,65000
411,Kessiah,Boshard,Human Resources,56,30000
412,Pammie,Prevett,Human Resources,44,61000
413,Sheena,Thickin,Business Development,59,54000
414,Shannon,Crackel,Business Development,47,56000
415,Kasey,Dove,Engineering,43,40000
416,Morlee,Charte,Marketing,22,43000
417,Isiahi,Pietruszewicz,Legal,45,32000
418,Madlen,McAmish,Accounting,26,55000
419,Mitchell,Keysall,Research and Development,23,80000
420,Constantine,Laurens,Accounting,52,69000
421,Morrie,De Witt,Support,56,50000
422,Shaylynn,Danilevich,Support,25,66000
423,Sean,Early,Engineering,28,76000
424,Garrick,Delion,Legal,44,75000
425,Rana,Deeley,Product Management,25,89000
426,Maybelle,Bulger,Human Resources,22,53000
427,Brandie,Parnby,Marketing,28,36000
428,Clo,O'Farris,Business Development,33,90000
429,Clo,Garms,Accounting,32,88000
430,Griswold,Becker,Services,51,70000
431,Rafaello,Lantaff,Legal,52,59000
432,Bathsheba,Cornelleau,Marketing,48,83000
433,Clayton,Wrightson,Training,53,51000
434,Bord,Carbert,Marketing,56,54000
435,Madonna,Cordaroy,Accounting,42,80000
436,Jasmin,Stroton,Business Development,47,91000
437,Shelia,Eagling,Human Resources,57,50000
438,Kiley,O'Sherin,Engineering,37,53000
439,Rhea,Willbond,Legal,22,48000
440,Ingmar,Pitblado,Engineering,25,38000
441,Marcel,Cowherd,Sales,44,91000
442,Glory,Simmon,Human Resources,49,82000
443,Georgia,Moorfield,Training,39,48000
444,Saundra,Spelman,Product Management,43,72000
445,Arturo,Darwood,Accounting,60,45000
446,Ofella,Drei,Sales,26,32000
447,Helaine,Macey,Engineering,65,78000
448,Josefina,Croose,Sales,32,33000
449,Frank,Twelvetree,Training,58,80000
450,Shermie,Peoples,Accounting,55,33000
451,Yvor,Fawthrop,Services,48,39000
452,Sisely,Copozio,Business Development,40,82000
453,Wilek,Naper,Support,36,48000
454,Gerda,Souten,Sales,65,40000
455,Jacinda,Coop,Legal,24,62000
456,Ardis,Poxon,Business Development,44,84000
457,Rolfe,Diaper,Support,28,31000
458,Latrena,Golden of Ireland,Services,45,88000
459,Alikee,Mayer,Support,46,56000
460,Leah,Blabie,Services,33,62000
461,Jayson,Putley,Services,60,78000
462,Davon,Aslet,Product Management,57,30000
463,Kyla,Blaskett,Accounting,49,99000
464,Faunie,Lammenga,Training,64,55000
465,Eolande,Gut,Sales,65,77000
466,Carmine,Rawdall,Engineering,55,87000
467,Charo,Petigrew,Engineering,36,44000
468,Darryl,Waszkiewicz,Human Resources,24,58000
469,Shayne,Heinrici,Marketing,37,85000
470,Ketti,Smeath,Support,54,54000
471,Byram,Dabling,Training,48,86000
472,Sydelle,Speedin,Engineering,30,44000
473,Cathleen,Rothwell,Sales,22,60000
474,Tremain,Lorincz,Sales,56,80000
475,Amandie,Lawman,Legal,56,49000
476,Georgeanna,Sackler,Business Development,26,83000
477,Ebeneser,Gasgarth,Engineering,34,62000
478,Abraham,Arthur,Services,57,60000
479,Elmo,Backhouse,Marketing,58,60000
480,Lin,Tildesley,Business Development,43,92000
481,Edy,Frankcombe,Accounting,60,59000
482,Rosalyn,Basant,Human Resources,46,64000
483,Mab,Garroway,Sales,33,81000
484,Kristian,Piccop,Research and Development,47,31000
485,Shea,Hurt,Training,22,74000
486,Anitra,Caulwell,Business Development,26,60000
487,Pearline,MacRanald,Services,26,38000
488,Rolland,Dakhno,Accounting,53,46000
489,Rupert,Gyles,Services,42,66000
490,Camellia,Bartholat,Business Development,51,32000
491,Garwood,Hill,Services,40,36000
492,Brendan,Northrop,Marketing,50,86000
493,Jacky,Millership,Product Management,31,43000
494,Haskel,Davidde,Legal,46,73000
495,Loralie,Eggers,Legal,42,36000
496,Moshe,Becke,Human Resources,45,63000
497,Jenica,Basindale,Services,35,83000
498,Bennie,Caswell,Training,38,60000
499,Shay,Syalvester,Business Development,29,52000
500,Krysta,Hallows,Business Development,26,60000
501,Nolana,Costa,Engineering,37,32000
502,Barrie,Foard,Training,29,34000
503,Kile,Dennis,Sales,40,54000
504,Sean,Cuddon,Training,28,88000
505,Bobby,Macro,Product Management,48,77000
506,Judye,Oloman,Services,59,43000
507,Britni,Feldbaum,Research and Development,46,99000
508,Othilie,Jobke,Product Management,65,77000
509,Aime,Zapatero,Legal,25,84000
510,Jerry,Hessay,Accounting,42,69000
511,Ezmeralda,Olenchikov,Support,33,69000
512,Miller,Haslehurst,Legal,62,68000
513,Gardener,Arnholdt,Services,34,57000
514,Yalonda,MacDunleavy,Business Development,33,63000
515,Hermann,Degue,Business Development,43,97000
516,Dana,Aherne,Business Development,65,98000
517,Donnie,Stidever,Training,48,30000
518,Idalina,Piatkow,Legal,59,96000
519,Nathalia,Shaul,Product Management,22,45000
520,Goldie,Wiz,Support,26,91000
521,Jamison,Bartaloni,Product Management,33,44000
522,Cathryn,Lomasna,Research and Development,64,95000
523,Judie,Lucy,Human Resources,62,73000
524,Clem,Binion,Research and Development,52,60000
525,Sigfried,Moxson,Human Resources,65,46000
526,Padgett,Gabbetis,Human Resources,30,61000
527,Kristo,Dello,Human Resources,58,36000
528,Venita,Betz,Sales,61,91000
529,Beilul,Ledur,Legal,61,32000
530,Remington,Knight,Engineering,38,30000
531,Lyman,McPaike,Training,64,59000
532,Yurik,Opy,Training,61,61000
533,Duke,Mateu,Accounting,46,42000
534,Diahann,Tuplin,Product Management,23,59000
535,Cyb,Weal,Legal,54,85000
536,Shepperd,Cannavan,Research and Development,59,57000
537,Rina,Clemes,Product Management,40,49000
538,Cyndia,Stamper,Services,37,49000
539,Delano,Moncreiff,Services,53,81000
540,Brianna,O'Neary,Human Resources,31,98000
541,Tedd,Simkin,Engineering,24,68000
542,Cristine,Brambill,Research and Development,25,73000
543,Ardenia,Fenna,Support,60,53000
544,Northrop,Johananov,Services,43,72000
545,Brita,Dufton,Accounting,52,88000
546,Lolly,Grigoriscu,Legal,23,55000
547,Lauri,Brims,Support,42,39000
548,Doralin,Schmidt,Support,64,47000
549,Sharron,Larkin,Engineering,60,57000
550,Kati,Do,Marketing,45,60000
551,Susanne,Avraam,Accounting,36,61000
552,Vicki,Dellatorre,Research and Development,58,90000
553,Ario,Full,Services,50,46000
554,Cymbre,Orrock,Research and Development,45,82000
555,Corliss,Delatour,Business Development,54,94000
556,Hunt,Dade,Engineering,62,99000
557,Tiebout,McCrone,Training,55,95000
558,Charil,Rawes,Business Development,54,39000
559,Sutherland,McPolin,Human Resources,43,83000
560,Olly,Gatteridge,Services,42,52000
561,Morganica,Bleacher,Training,51,50000
562,Sanders,Lourens,Training,22,75000
563,Patricia,Norcock,Support,28,49000
564,Elysha,Vail,Marketing,43,41000
565,Chic,Bagnall,Human Resources,26,59000
566,Keelby,Clew,Services,25,62000
567,Cherise,Frigot,Training,27,62000
568,Michaeline,Mc Meekan,Services,52,93000
569,Shela,Demogeot,Services,65,50000
570,Rosamond,Baumer,Support,27,54000
571,Kevin,Gundry,Research and Development,36,42000
572,Giulietta,Stutard,Business Development,40,92000
573,Bamby,Clough,Sales,57,79000
574,Adeline,Bathowe,Services,34,74000
575,Asia,Woodford,Accounting,63,33000
576,Mathe,Gamage,Legal,22,60000
577,Graehme,Vowdon,Business Development,24,99000
578,Myrah,Tibb,Product Management,32,50000
579,Worden,Van de Castele,Support,45,65000
580,Tori,Issacson,Services,36,52000
581,Merrily,Moulson,Accounting,48,40000
582,Elora,Tucker,Product Management,62,93000
583,Tania,Muzzini,Product Management,54,87000
584,Laurette,Jennrich,Sales,24,83000
585,Montgomery,Scawton,Sales,40,92000
586,Twila,Bouchard,Legal,45,62000
587,Dru,Staining,Product Management,58,90000
588,Sheppard,Chinnick,Business Development,37,52000
589,Felicdad,Worsfield,Product Management,40,39000
590,Dareen,Galway,Legal,43,31000
591,Chrisse,Ruane,Business Development,45,79000
592,Nikolia,Gulberg,Training,60,96000
593,Martica,Balogun,Support,33,37000
594,Morissa,Housecroft,Services,46,49000
595,Zsa zsa,Coleman,Human Resources,48,32000
596,Germayne,Baumert,Sales,38,44000
597,Kalila,Charles,Training,38,98000
598,Othelia,Mayoh,Training,62,44000
599,Dennis,Wooddisse,Business Development,26,75000
600,Tobit,Summerson,Services,51,78000
601,Darcey,Ethridge,Sales,36,44000
602,Marion,Paolozzi,Product Management,51,50000
603,Herby,Cornforth,Business Development,46,80000
604,Nikos,Worner,Sales,37,47000
605,Alverta,Bambury,Business Development,30,47000
606,Holli,Merrison,Marketing,61,32000
607,Stephan,Corder,Sales,59,96000
608,Janifer,Prati,Accounting,50,92000
609,Odele,Halpeine,Research and Development,59,70000
610,Seward,Goady,Services,40,90000
611,Yolanthe,Harmstone,Training,39,64000
612,Neville,Billingsley,Training,32,57000
613,Laurie,Camois,Legal,65,58000
614,Yalonda,Headley,Training,27,95000
615,Evvy,McKinnon,Human Resources,54,84000
616,Barris,Pinsent,Training,33,42000
617,Modesty,Pavluk,Human Resources,39,33000
618,Adolpho,Corhard,Sales,49,30000
619,Doug,Winfield,Marketing,56,67000
620,Tallie,Phillcock,Human Resources,55,89000
621,Bibbie,Doolan,Training,60,67000
622,Kaycee,Sennett,Human Resources,47,42000
623,Isidoro,Beasley,Sales,30,36000
624,Patrica,Ingerson,Business Development,42,85000
625,Anjanette,Goatman,Marketing,35,47000
626,Sherm,Hassent,Human Resources,50,58000
627,Abbey,Sute,Human Resources,45,45000
628,Brok,Skinner,Support,45,73000
629,Willard,Newart,Accounting,43,90000
630,Aundrea,Robrose,Product Management,54,78000
631,Regan,Kornyshev,Training,34,76000
632,Star,Puckring,Business Development,45,38000
633,Christian,Charlin,Engineering,31,90000
634,Del,Harradine,Engineering,34,81000
635,Isidoro,Borman,Marketing,60,85000
636,Marta,Fountaine,Legal,32,89000
637,Justino,Coyne,Engineering,51,99000
638,Pen,Boyet,Services,25,96000
639,Robinetta,Suscens,Support,47,31000
640,Lucian,Sainter,Support,33,30000
641,Gusta,Browning,Legal,46,47000
642,Zora,Blind,Support,57,30000
643,Kennan,Armin,Marketing,57,89000
644,Rafael,Serfati,Research and Development,44,33000
645,Christoforo,Severns,Support,37,45000
646,Dorey,Becket,Product Management,47,52000
647,Audrie,Smithend,Marketing,30,67000
648,Howey,Aps,Legal,25,69000
649,Eldin,Pitblado,Legal,24,44000
650,Carmine,Niche,Accounting,30,96000
651,Kyle,O'Grogane,Legal,34,47000
652,Corey,Dumbar,Human Resources,39,32000
653,Lucie,Satteford,Services,40,39000
654,Gabriello,Bredgeland,Support,59,79000
655,Anestassia,Hawken,Research and Development,22,92000
656,Ange,Mease,Marketing,52,55000
657,Barnabe,Garfit,Product Management,60,59000
658,Cullen,Dewdney,Training,60,70000
659,Lizbeth,Birnie,Research and Development,48,78000
660,Laurice,Arnow,Human Resources,36,49000
661,Dal,Albasiny,Human Resources,65,38000
662,Kriste,McPaike,Accounting,30,41000
663,Florida,Scurman,Legal,34,94000
664,Mehetabel,Keers,Product Management,51,60000
665,Elianore,Stanger,Human Resources,58,68000
666,Christin,Parslow,Services,26,73000
667,Luise,Ledgister,Engineering,26,92000
668,Kenyon,Roos,Training,44,41000
669,Ingram,Gadsby,Research and Development,40,74000
670,Tedi,Itscowicz,Legal,60,53000
671,Cornall,Robbins,Accounting,65,53000
672,Marjy,Ryan,Product Management,22,59000
673,Stanislaus,Bayman,Legal,59,59000
674,Hildagard,Marciek,Business Development,24,45000
675,Rita,Scarsbrick,Support,42,55000
676,Koral,Housley,Business Development,35,69000
677,Rozamond,Quixley,Business Development,33,60000
678,Kingsly,Hamper,Services,63,92000
679,Alick,Roddick,Accounting,30,45000
680,Lurlene,Frarey,Training,32,50000
681,Cordelie,MacFie,Human Resources,44,58000
682,Guinevere,Manthorpe,Human Resources,25,49000
683,Donny,Drivers,Marketing,56,56000
684,Arlene,Froment,Engineering,63,78000
685,Carolyn,Sofe,Training,34,63000
686,Che,Zambon,Accounting,42,53000
687,Nobie,Chantillon,Research and Development,53,95000
688,Gerick,Amori,Accounting,35,50000
689,Virgil,Suddaby,Legal,56,93000
690,Traci,Maides,Engineering,27,45000
691,Felita,Bescoby,Support,31,95000
692,Worthy,Bumpas,Business Development,45,47000
693,Samantha,McQuillen,Marketing,37,92000
694,Desirae,Lapenna,Product Management,56,93000
695,Kaylyn,Searle,Services,56,34000
696,Camilla,Manktelow,Human Resources,27,83000
697,Nedda,Mattedi,Business Development,39,79000
698,Gwendolyn,Goudie,Accounting,65,70000
699,Sukey,Blastock,Support,36,53000
700,Wolfy,Lauxmann,Training,27,98000
701,Elvin,Allonby,Business Development,22,51000
702,Tomi,Dofty,Support,22,62000
703,Averil,Chestle,Training,36,63000
704,Rois,Spillard,Sales,57,73000
705,Dietrich,Lamborne,Training,27,53000
706,Lena,Kerne,Research and Development,35,33000
707,Xymenes,Bettaney,Research and Development,48,39000
708,Babs,Corbin,Human Resources,51,96000
709,Alida,Keyworth,Training,59,95000
710,Lucia,Fossitt,Services,54,76000
711,Kip,Haresnaip,Human Resources,60,65000
712,Orsa,Diver,Product Management,60,74000
713,Uriah,Stenners,Services,43,69000
714,Siouxie,Ainscough,Accounting,54,44000
715,Jeannine,Maddock,Sales,28,77000
716,Madlen,Rowlings,Sales,25,38000
717,Minnaminnie,Cella,Engineering,56,50000
718,Sheffie,Vickerman,Human Resources,31,32000
719,Christiana,Merida,Engineering,51,80000
720,Ivar,Castilljo,Marketing,57,97000
721,Jenny,Fieller,Marketing,24,48000
722,Wainwright,Whatman,Human Resources,60,93000
723,Hubert,Noorwood,Sales,61,93000
724,Vaughan,Waren,Engineering,36,98000
725,Rocky,Winstanley,Training,46,68000
726,Bertine,Saywood,Sales,55,30000
727,Aland,Szymanowicz,Training,23,56000
728,Iolande,Le Marquand,Business Development,33,87000
729,Ricoriki,Levesley,Marketing,25,72000
730,Addie,Foxley,Support,61,98000
731,Gilles,Rupke,Legal,37,78000
732,Humberto,Pymm,Human Resources,38,37000
733,Olympe,Bewshea,Marketing,50,79000
734,Winslow,Dyton,Legal,40,39000
735,Barnabe,Hazeltine,Accounting,32,50000
736,Isacco,Chaucer,Product Management,29,40000
737,Alice,Kleynermans,Training,31,55000
738,Otto,Tiery,Product Management,55,66000
739,Duffie,Brazil,Accounting,40,52000
740,Lilyan,Kundert,Human Resources,41,59000
741,Theodora,Boutton,Research and Development,43,33000
742,Sonnie,Perkis,Engineering,40,49000
743,Jacques,Clausius,Product Management,49,55000
744,Clark,Eger,Support,51,58000
745,Annaliese,Barham,Business Development,33,30000
746,Eolanda,Gwynne,Marketing,56,30000
747,Rockie,Ashcroft,Training,41,75000
748,Rafferty,Bunclark,Research and Development,58,70000
749,Carmen,Le Sieur,Human Resources,41,62000
750,Herc,Archdeckne,Sales,63,96000
751,Chrystal,Borghese,Human Resources,63,91000
752,Aylmer,Elgar,Human Resources,42,51000
753,Bonita,Lyburn,Human Resources,64,30000
754,Niccolo,Dring,Legal,59,72000
755,Melisandra,Seebright,Product Management,55,64000
756,Rene,Offen,Product Management,31,37000
757,Aubry,Outridge,Human Resources,22,89000
758,Arlee,Hopewell,Sales,63,74000
759,Deck,Baglin,Accounting,48,52000
760,Korrie,Pennycook,Support,62,60000
761,Essy,Kinkade,Training,27,60000
762,Dimitri,Kalaher,Marketing,30,66000
763,Adelle,Cawthra,Services,35,95000
764,Casey,Tregale,Legal,40,69000
765,Jody,Hallard,Research and Development,65,94000
766,Nertie,Saintsbury,Legal,52,47000
767,Caresse,Leedal,Accounting,51,32000
768,Deeanne,Lucken,Accounting,35,44000
769,Glori,Dunkley,Services,41,42000
770,Con,Iacomo,Training,48,59000
771,Camey,Beaton,Accounting,53,88000
772,Wilmar,Cullon,Training,59,48000
773,Arel,Gotling,Sales,50,45000
774,Thorpe,Zoellner,Accounting,26,87000
775,Alphonso,Rickersey,Sales,47,48000
776,Glori,Brambell,Engineering,61,92000
777,Chiquita,Barmby,Legal,42,55000
778,Gennifer,Dyshart,Services,51,77000
779,Edouard,Boyton,Sales,50,94000
780,Ayn,Roffe,Accounting,46,59000
781,Prent,Ducker,Engineering,59,89000
782,Genevra,MacIver,Services,55,95000
783,Shermy,Stiddard,Training,52,97000
784,Kirby,Borborough,Services,46,96000
785,Peter,Cobson,Sales,24,31000
786,Kendrick,Craigie,Support,37,70000
787,Roanne,Whitehurst,Services,28,55000
788,Eveleen,Pollins,Legal,50,47000
789,Park,Greenshields,Support,37,59000
790,Gusella,Santora,Human Resources,62,30000
791,Dorena,State,Marketing,27,39000
792,Claudina,Verbruggen,Engineering,31,40000
793,Chandler,Wastling,Marketing,50,67000
794,Glori,Batson,Support,39,46000
795,Mady,Godilington,Legal,48,65000
796,Hillie,Shufflebotham,Marketing,32,64000
797,Codie,Yorath,Research and Development,60,80000
798,Emmott,Yakovlev,Training,46,52000
799,Bartlet,Spaducci,Business Development,34,60000
800,Dana,Kloska,Accounting,47,32000
801,Max,Athey,Training,34,71000
802,Kristy,Phizacklea,Engineering,41,73000
803,Chalmers,Davidovsky,Services,42,35000
804,Dougy,Carmen,Marketing,40,94000
805,Reggie,Godden,Accounting,44,89000
806,Eada,Whapples,Business Development,29,52000
807,Edvard,Shiril,Business Development,27,95000
808,Martin,Housden,Product Management,29,60000
809,Tobin,Creigan,Training,56,95000
810,Marjie,Kick,Product Management,43,73000
811,Benyamin,Indge,Human Resources,55,66000
812,Lorne,Lamswood,Research and Development,25,68000
813,Ernesta,Burnitt,Business Development,55,49000
814,Rog,Sultan,Services,49,86000
815,Kendra,Mitie,Legal,30,72000
816,Isidro,Killingbeck,Services,44,94000
817,Thain,Ghioni,Sales,47,47000
818,Yvor,Benjamin,Accounting,61,44000
819,Cleon,Roby,Product Management,39,64000
820,Josy,Broadey,Marketing,41,38000
821,Montgomery,Cowern,Accounting,43,47000
822,Derril,Marre,Marketing,35,59000
823,Marjorie,Halbard,Services,24,81000
824,Alano,Gieraths,Engineering,55,60000
825,Gaylor,Bright,Legal,25,73000
826,Lemmy,Dennitts,Support,61,95000
827,Myer,Phillips,Human Resources,37,55000
828,Melinde,Dummett,Engineering,59,44000
829,Dorris,Lashley,Research and Development,65,67000
830,Alie,Malimoe,Support,55,62000
831,Cyrill,Timblett,Services,57,36000
832,Kelsi,Amott,Marketing,55,64000
833,Siouxie,Swiffin,Services,28,87000
834,Lilith,Houlridge,Support,25,40000
835,Marris,Bradane,Product Management,54,70000
836,Darb,Premble,Legal,63,66000
837,Amalita,Conew,Support,40,49000
838,Domingo,Setterfield,Marketing,58,87000
839,Timothy,Sarfati,Product Management,23,30000
840,Harley,Prettejohns,Business Development,36,80000
841,Isidor,Fydo,Sales,55,85000
842,Ulrich,Barrar,Accounting,49,99000
843,Ebonee,Puncher,Human Resources,25,35000
844,Tobias,Annell,Business Development,49,59000
845,William,Sevin,Sales,40,48000
846,Jilleen,O'Dulchonta,Support,36,33000
847,Marquita,Stennard,Marketing,65,82000
848,Marthena,Holah,Engineering,32,32000
849,Kory,Battaille,Human Resources,50,62000
850,Darcy,Surman,Product Management,52,32000
851,Gisele,Dunstall,Engineering,33,65000
852,Aldus,Edmonson,Research and Development,61,32000
853,Nonie,Vivyan,Product Management,32,60000
854,Viv,Grunwald,Human Resources,42,83000
855,Belia,Weitzel,Training,59,77000
856,Lorettalorna,Lillicrap,Research and Development,23,87000
857,Nanice,Osmar,Support,58,97000
858,Nanete,Quainton,Training,46,45000
859,Rosalinda,Bellany,Human Resources,42,97000
860,Raleigh,Cuddehy,Human Resources,62,43000
861,Mellisa,Northcliffe,Accounting,49,79000
862,Kendra,Kettles,Training,48,83000
863,Giulia,Yude,Marketing,62,88000
864,Morna,Firmage,Training,50,48000
865,Teddie,Tennock,Marketing,60,80000
866,Katya,Coppin,Business Development,29,74000
867,Rollins,Lammerts,Training,44,58000
868,Corri,Book,Legal,29,61000
869,Virgilio,Trewin,Support,28,95000
870,Melisa,Biggans,Services,46,79000
871,Orrin,Rapsey,Product Management,55,45000
872,Sharon,Ballingal,Research and Development,45,47000
873,Donny,McDoual,Product Management,48,88000
874,Skipton,Broy,Business Development,36,68000
875,Truman,Bradlaugh,Training,65,88000
876,Gertrud,Kynaston,Training,59,71000
877,Lisette,Shalloo,Legal,55,78000
878,Beilul,Cobbing,Research and Development,57,64000
879,Etheline,Irving,Accounting,39,96000
880,Evvie,Carrane,Sales,35,48000
881,Dasie,Michallat,Training,52,97000
882,Guendolen,Dhillon,Sales,46,34000
883,Rowan,Dowse,Training,44,31000
884,Prescott,Rosie,Product Management,40,44000
885,Clyde,Merryweather,Product Management,53,74000
886,Janos,Stove,Business Development,27,86000
887,Petronille,Geindre,Training,23,55000
888,Sherwood,Darinton,Marketing,37,46000
889,Roch,Burchall,Engineering,40,79000
890,Pinchas,Laguerre,Marketing,35,48000
891,Jolynn,Rawlence,Human Resources,42,66000
892,Rees,Brumhead,Training,37,54000
893,Hyacinthie,Janman,Sales,64,36000
894,Mickie,Rysdale,Marketing,38,75000
895,Oberon,Danielot,Engineering,30,97000
896,Branden,Milne,Services,48,49000
897,Lindsey,Ambrogiotti,Marketing,27,83000
898,Blythe,Dahlborg,Services,24,78000
899,Hasheem,Mannock,Marketing,55,86000
900,Anna-diana,Camidge,Support,57,84000
901,Hasheem,Carlet,Marketing,39,43000
902,Daphna,Rosengart,Support,29,79000
903,Harley,Shard,Legal,58,31000
904,Carmelita,McIlwrath,Marketing,32,81000
905,Zachery,Galfour,Support,47,84000
906,Ernesta,Hundall,Business Development,25,32000
907,Krystalle,Vearncombe,Services,55,64000
908,Karole,Yea,Engineering,31,54000
909,Salmon,Bremley,Business Development,33,30000
910,Tracey,Thormwell,Legal,55,92000
911,Veronique,Coulling,Legal,61,79000
912,Lydon,Lutas,Training,57,75000
913,Allistir,Malan,Legal,61,47000
914,Charleen,Risdale,Sales,60,34000
915,Valentine,Jordan,Training,48,90000
916,Kori,Manjot,Support,42,76000
917,Brande,Aiton,Marketing,59,86000
918,Gal,Twitty,Legal,51,38000
919,Baldwin,Matskiv,Legal,57,30000
920,Miguel,Fazzioli,Sales,34,86000
921,Biron,Rounsefell,Training,57,94000
922,Lenee,Menzies,Training,28,34000
923,Laurice,Turmel,Engineering,26,61000
924,Rosina,Toretta,Legal,48,71000
925,Abey,Cashford,Legal,45,50000
926,Zak,Demangel,Engineering,64,30000
927,Sib,Husband,Support,25,83000
928,Paulie,Gearty,Marketing,32,67000
929,Mamie,Margerrison,Services,58,44000
930,Leanor,Coalbran,Services,60,80000
931,Cecilla,Lasslett,Training,58,88000
932,Roberta,Licciardiello,Training,60,70000
933,Arnuad,Alred,Business Development,43,44000
934,Mariya,Collyear,Business Development,32,69000
935,Sibilla,Lefort,Sales,56,32000
936,Alexa,Handyside,Marketing,54,72000
937,Webb,Rochford,Services,58,96000
938,Burk,Merwede,Support,31,77000
939,Dorothy,Candy,Training,34,51000
940,Staffard,Brombell,Research and Development,41,88000
941,Frederic,McIlvoray,Research and Development,37,75000
942,Wandie,Pinwill,Engineering,52,75000
943,Alethea,Nisbith,Services,56,40000
944,Myrtia,Starte,Engineering,30,37000
945,Clementius,Fullard,Services,34,78000
946,Kippy,Morrel,Engineering,33,83000
947,Daryl,Shirt,Business Development,35,48000
948,Latrina,Weston,Engineering,23,79000
949,Maury,Yea,Product Management,40,41000
950,Danila,Eates,Product Management,58,52000
951,Sharai,McInnes,Human Resources,42,30000
952,Lynnea,Fingleton,Support,41,48000
953,Alister,Gummie,Engineering,65,86000
954,Ada,Matiasek,Services,63,82000
955,Gwynne,Mazillius,Support,52,37000
956,Danice,MacRitchie,Services,27,42000
957,Lisle,Rowthorne,Product Management,59,59000
958,Sacha,Hullins,Accounting,33,35000
959,Anders,Gumery,Research and Development,47,46000
960,Hewitt,Monard,Sales,64,44000
961,Elva,Dockerty,Sales,57,30000
962,Wallis,Hamflett,Legal,40,60000
963,Etheline,Garvagh,Marketing,60,96000
964,Marius,Tummons,Research and Development,27,83000
965,Olwen,Zellner,Product Management,27,71000
966,Codi,Kapelhoff,Product Management,65,65000
967,Theressa,Farguhar,Sales,64,79000
968,Annabel,Stobbs,Marketing,65,78000
969,Malchy,Jewks,Legal,28,39000
970,Ulrika,Twycross,Business Development,38,86000
971,Lana,Dougill,Marketing,35,88000
972,Gaylene,Ipgrave,Training,55,48000
973,Truda,Lowthorpe,Marketing,23,46000
974,Derick,Whorlton,Accounting,35,75000
975,Lindsay,Madders,Sales,54,66000
976,Juliane,Cottie,Services,37,31000
977,Prudence,Keech,Legal,35,75000
978,Teddy,Churchill,Accounting,28,43000
979,Maggi,Docherty,Training,47,93000
980,Robbert,Janousek,Human Resources,31,69000
981,Caty,Smethurst,Product Management,27,40000
982,Bjorn,Ariss,Services,63,92000
983,Shay,Quilliam,Engineering,57,34000
984,Ginnie,Trebilcock,Marketing,63,95000
985,Howey,Fellona,Research and Development,45,93000
986,Joana,Coggan,Support,41,37000
987,Red,McElrath,Product Management,53,78000
988,Gherardo,Di Biasio,Legal,43,58000
989,Annabell,Minty,Services,27,86000
990,Stefania,Duffill,Product Management,27,40000
991,Jarrod,Cook,Marketing,64,77000
992,Desiree,Avo,Human Resources,30,64000
993,Burnaby,Batman,Legal,53,54000
994,Maurine,Borthwick,Support,48,43000
995,Had,Kenn,Research and Development,39,82000
996,Maryanne,Malster,Engineering,58,46000
997,Haily,Loughan,Accounting,44,53000
998,Raymond,Ragdale,Marketing,52,41000
999,Ignatius,Norcutt,Support,64,85000
1000,Cristionna,Gemmill,Support,47,62000
